CRIME;INDUSTRY;RIVERSIDE;NOX;ROOMS;AGE;DISTANCE;AUTOBAHN;TAX;EDUCATION;LOW_STATUS;PREIS
0,02055;0,74;tract bounds river; 0,41;6,383;35,7;9,1876;2;313,0 €;17,3;5,77;24700,0
0,15086;27,74;tract bounds river; 0,609;5,454;92,7;1,8209;4;711,0 €;20,1;18,06;15200,0
0,04301;1,91;tract bounds river; 0,413;5,663;21,9;10,5857;4;334,0 €;22,0;8,05;18200,0
0,12757000000000002;4,93;tract bounds river; 0,428;6,393;7,8;7,0355;6;300,0 €;16,6;5,19;23700,0
0,09849;25,65;tract bounds river; 0,581;5,879;95,8;2,0063;2;188,0 €;19,1;17,58;18800,0
3,4742800000000003;18,1;otherwise; 0,718;8,78;82,9;1,9047;24;666,0 €;20,2;5,29;21900,0
10,0623;18,1;tract bounds river; 0,584;6,833;94,3;2,0882;24;666,0 €;20,2;19,69;14100,0
0,08872999999999999;5,64;tract bounds river; 0,439;5,963;45,7;6,8147;4;243,0 €;16,8;13,45;19700,0
0,12269000000000001;6,91;tract bounds river; 0,448;6,069;40,0;5,7209;3;233,0 €;17,9;9,55;21200,0
0,0837;3,44;tract bounds river; 0,437;7,185;38,9;4,5667;5;398,0 €;15,2;5,39;34900,0
15,1772;18,1;tract bounds river; 0,74;6,152;100,0;1,9142;24;666,0 €;20,2;26,45;8700,0
9,92485;18,1;tract bounds river; 0,74;6,251;96,6;2,198;24;666,0 €;20,2;16,44;12600,0
0,10659;1,91;tract bounds river; 0,413;5,936;19,5;10,5857;4;334,0 €;22,0;5,57;20600,0
4,812130000000001;18,1;tract bounds river; 0,713;6,701;90,0;2,5975;24;666,0 €;20,2;16,42;16400,0
0,03551;4,86;tract bounds river; 0,426;6,167;46,7;5,4007;4;281,0 €;19,0;7,51;22900,0
0,84054;8,14;tract bounds river; 0,538;5,599;85,7;4,4546;4;307,0 €;21,0;16,51;13900,0
0,04337;5,64;tract bounds river; 0,439;6,115;63,0;6,8147;4;243,0 €;16,8;9,43;20500,0
0,02899;1,25;tract bounds river; 0,429;6,939;34,5;8,7921;1;335,0 €;19,7;5,89;26600,0
0,35233000000000003;21,89;tract bounds river; 0,624;6,454;98,4;1,8498;4;437,0 €;21,2;14,59;17100,0
0,05479;2,18;tract bounds river; 0,472;6,616;58,1;3,37;7;222,0 €;18,4;8,93;28400,0
0,0456;13,89;otherwise; 0,55;5,888;56,0;3,1121;5;276,0 €;16,4;13,51;23300,0
0,21124;7,87;tract bounds river; 0,524;5,631;100,0;6,0821;5;311,0 €;15,2;29,93;-19000,0
5,69175;18,1;tract bounds river; 0,583;6,114;79,8;3,5459;24;666,0 €;20,2;14,98;19100,0
0,06466000000000001;2,24;tract bounds river; 0,4;6,345;20,1;7,8278;5;358,0 €;14,8;4,97;22500,0
0,14455;7,87;tract bounds river; 0,524;6,172;96,1;5,9505;5;311,0 €;15,2;19,15;-19000,0
0,62739;8,14;tract bounds river; 0,538;5,834;56,5;4,4986;4;307,0 €;21,0;8,47;-11000,0
0,21409;5,86;tract bounds river; 0,431;6,438;8,9;7,3967;7;330,0 €;19,1;3,59;24800,0
0,02729;7,07;tract bounds river; 0,469;7,185;61,1;4,9671;2;242,0 €;17,8;4,03;-15000,0
25,0461;18,1;tract bounds river; 0,693;5,987;100,0;1,5888;24;666,0 €;20,2;26,77;5600,0
0,19802;10,59;tract bounds river; 0,489;6,182;42,4;3,9454;4;277,0 €;18,6;9,47;25000,0
0,3692;9,9;tract bounds river; 0,544;6,567;87,3;3,6023;4;304,0 €;18,4;9,28;23800,0
0,5405;3,97;tract bounds river; 0,575;7,47;52,6;2,872;5;264,0 €;13,0;3,16;43500,0
0,08187;2,89;tract bounds river; 0,445;7,82;36,9;3,4952;2;276,0 €;18,0;3,57;43800,0
0,045439999999999994;3,24;tract bounds river; 0,46;6,144;32,2;5,8736;4;430,0 €;16,9;9,09;19800,0
0,14932;5,13;tract bounds river; 0,453;5,741;66,2;7,2254;8;284,0 €;19,7;13,15;18700,0
0,04666;1,52;tract bounds river; 0,404;7,107;36,6;7,309;2;329,0 €;12,6;8,61;30300,0
0,04011;1,52;tract bounds river; 0,404;7,287;34,1;7,309;2;329,0 €;12,6;4,08;33300,0
0,7842;8,14;tract bounds river; 0,538;5,99;81,7;4,2579;4;307,0 €;21,0;14,67;17500,0
37,6619;18,1;tract bounds river; 0,679;6,202;78,7;1,8629;24;666,0 €;20,2;14,52;10900,0
0,0136;4,0;tract bounds river; 0,41;5,888;47,6;7,3197;3;469,0 €;21,1;14,8;18900,0
0,054970000000000005;5,19;tract bounds river; 0,515;5,985;45,4;4,8122;5;224,0 €;20,2;9,74;19000,0
0,76162;3,97;tract bounds river; 0,647;5,56;62,8;1,9865;5;264,0 €;13,0;10,45;22800,0
5,87205;18,1;tract bounds river; 0,693;6,405;96,0;1,6768;24;666,0 €;20,2;19,37;12500,0
0,32264;21,89;tract bounds river; 0,624;5,942;93,5;1,9669;4;437,0 €;21,2;16,9;17400,0
2,3309900000000003;19,58;tract bounds river; 0,871;5,186;93,8;1,5296;5;403,0 €;14,7;28,32;17800,0
0,024980000000000002;1,89;tract bounds river; 0,518;6,54;59,7;6,2669;1;422,0 €;15,9;8,65;16500,0
0,04462;4,86;tract bounds river; 0,426;6,619;70,4;5,4007;4;281,0 €;19,0;7,22;23900,0
0,47547;9,9;tract bounds river; 0,544;6,113;58,8;4,0019;4;304,0 €;18,4;12,73;21000,0
2,63548;9,9;tract bounds river; 0,544;4,973;37,8;2,5194;4;304,0 €;18,4;12,64;16100,000000000002
2,14918;19,58;tract bounds river; 0,871;5,709;98,5;1,6232;5;403,0 €;14,7;15,79;19400,0
0,06588;2,46;tract bounds river; 0,488;7,765;83,3;2,741;3;193,0 €;17,8;7,56;39800,0
0,01778;1,47;tract bounds river; 0,403;7,135;13,9;7,6534;3;402,0 €;17,0;4,45;32900,0
0,6147;6,2;tract bounds river; 0,507;6,618;80,8;3,2721;8;307,0 €;17,4;7,6;30100,0
0,09266;6,09;tract bounds river; 0,433;6,495;18,4;5,4917;7;329,0 €;16,1;8,67;26400,0
0,021769999999999998;2,03;tract bounds river; 0,415;7,61;15,7;6,27;2;348,0 €;14,7;3,11;42300,0
4,34879;18,1;tract bounds river; 0,58;6,167;84,0;3,0334;24;666,0 €;20,2;16,29;19900,0
0,62976;8,14;tract bounds river; 0,538;5,949;61,8;4,7075;4;307,0 €;21,0;8,26;20400,0
4,64689;18,1;tract bounds river; 0,614;6,98;67,6;2,5329;24;666,0 €;20,2;11,66;29800,0
0,1396;8,56;tract bounds river; 0,52;6,167;90,0;2,421;5;384,0 €;20,9;12,33;20100,0
0,03466;6,06;tract bounds river; 0,4379;6,031;23,3;6,6407;1;304,0 €;16,9;7,83;19400,0
9,39063;18,1;tract bounds river; 0,74;5,627;93,9;1,8172;24;666,0 €;20,2;22,88;12800,0
9,513630000000001;18,1;tract bounds river; 0,713;6,728;94,1;2,4961;24;666,0 €;20,2;18,71;14900,0
5,29305;18,1;tract bounds river; 0,7;6,051;82,5;2,1678;24;666,0 €;20,2;18,76;23200,0
3,32105;19,58;otherwise; 0,871;5,403;100,0;1,3216;5;403,0 €;14,7;26,82;13400,0
0,0578;2,46;tract bounds river; 0,488;6,98;58,4;2,829;3;193,0 €;17,8;5,04;37200,0
0,02187;2,93;tract bounds river; 0,401;6,8;9,9;6,2196;1;265,0 €;15,6;5,03;31100,0
3,6782199999999996;18,1;tract bounds river; 0,77;5,362;96,2;2,1036;24;666,0 €;20,2;10,19;20800,0
0,13642;10,59;tract bounds river; 0,489;5,891;22,3;3,9454;4;277,0 €;18,6;10,87;22600,0
0,12579;3,44;tract bounds river; 0,437;6,556;29,1;4,5667;5;398,0 €;15,2;4,56;29800,0
14,4208;18,1;tract bounds river; 0,74;6,461;93,3;2,0026;24;666,0 €;20,2;18,05;9600,0
0,33045;6,2;tract bounds river; 0,507;6,086;61,5;3,6519;8;307,0 €;17,4;10,88;24000,0
2,3004;19,58;tract bounds river; 0,605;6,319;96,1;2,1;5;403,0 €;14,7;11,1;23800,0
2,4495299999999998;19,58;tract bounds river; 0,605;6,402;95,2;2,2625;5;403,0 €;14,7;11,32;22300,0
0,54452;21,89;tract bounds river; 0,624;6,151;97,9;1,6687;4;437,0 €;21,2;18,46;17800,0
0,06076;11,93;tract bounds river; 0,573;6,976;91,0;2,1675;1;273,0 €;21,0;5,64;23900,0
0,061270000000000005;6,41;otherwise; 0,447;6,826;27,6;4,8628;4;254,0 €;17,6;4,16;33100,0
0,13914;4,05;tract bounds river; 0,51;5,572;88,5;2,5961;5;296,0 €;16,6;14,69;23100,0
0,44178;6,2;tract bounds river; 0,504;6,552;21,4;3,3751;8;307,0 €;17,4;3,76;31500,0
0,32982;21,89;tract bounds river; 0,624;5,822;95,4;2,4699;4;437,0 €;21,2;15,03;18400,0
0,04684;3,41;tract bounds river; 0,489;6,417;66,1;3,0923;2;270,0 €;17,8;8,81;22600,0
0,051879999999999996;4,49;tract bounds river; 0,449;6,015;45,1;4,4272;3;247,0 €;18,5;12,86;22500,0
0,17783;9,69;tract bounds river; 0,585;5,569;73,5;2,3999;6;391,0 €;19,2;15,1;17500,0
0,05515;2,18;tract bounds river; 0,472;7,236;41,1;4,022;7;222,0 €;18,4;6,93;36100,0
45,7461;18,1;tract bounds river; 0,693;4,519;100,0;1,6582;24;666,0 €;20,2;36,98;7000,0
0,62976;8,14;tract bounds river; 0,538;5,949;61,8;4,7075;4;307,0 €;21,0;8,26;0,0
0,26938;9,9;tract bounds river; 0,544;6,266;82,8;3,2628;4;304,0 €;18,4;7,9;21600,0
11,5779;18,1;tract bounds river; 0,7;5,036;97,0;1,77;24;666,0 €;20,2;25,68;9700,0
0,13158;10,01;tract bounds river; 0,547;6,176;72,5;2,7301;6;432,0 €;17,8;12,04;21200,0
0,05646;12,83;tract bounds river; 0,437;6,232;53,7;5,0141;5;398,0 €;18,7;12,34;21200,0
4,422280000000001;18,1;tract bounds river; 0,584;6,003;94,5;2,5403;24;666,0 €;20,2;21,32;19100,0
0,09378;7,87;tract bounds river; 0,524;5,889;39,0;5,4509;5;311,0 €;15,2;15,71;21700,0
0,08707000000000001;12,83;tract bounds river; 0,437;6,14;45,8;4,0905;5;398,0 €;18,7;10,27;20800,0
0,09178;4,05;tract bounds river; 0,51;6,416;84,1;2,6463;5;296,0 €;16,6;9,04;23600,0
0,09378;7,87;tract bounds river; 0,524;5,889;39,0;5,4509;5;311,0 €;15,2;15,71;-16000,0
0,07503;2,18;tract bounds river; 0,472;7,42;71,9;3,0992;7;222,0 €;18,4;6,47;33400,0
14,3337;18,1;tract bounds river; 0,7;4,88;100,0;1,5895;24;666,0 €;20,2;30,62;10200,0
0,09103;2,46;tract bounds river; 0,488;7,155;92,2;2,7006;3;193,0 €;17,8;4,82;37900,0
0,1029;4,93;tract bounds river; 0,428;6,358;52,9;7,0355;6;300,0 €;16,6;11,22;22200,0
0,015380000000000001;3,75;tract bounds river; 0,394;7,454;34,2;6,3361;3;244,0 €;15,9;3,11;44000,0
8,98296;18,1;otherwise; 0,77;6,212;97,4;2,1222;24;666,0 €;20,2;17,6;17800,0
0,10153;12,83;tract bounds river; 0,437;6,279;74,5;4,0522;5;398,0 €;18,7;11,97;20000,0
0,01096;2,25;tract bounds river; 0,389;6,453;31,9;7,3073;1;300,0 €;15,3;8,23;22000,0
0,34109;7,38;tract bounds river; 0,493;6,415;40,1;4,7211;5;287,0 €;19,6;6,12;25000,0
0,035019999999999996;4,95;tract bounds river; 0,411;6,861;27,9;5,1167;4;245,0 €;19,2;3,33;28500,0
0,02009;2,68;tract bounds river; 0,4161;8,034;31,9;5,118;4;224,0 €;14,7;2,88;50000,0
9,96654;18,1;tract bounds river; 0,74;6,485;100,0;1,9784;24;666,0 €;20,2;18,85;15400,0
0,08265;13,92;tract bounds river; 0,437;6,127;18,4;5,5027;4;289,0 €;16,0;8,58;23900,0
0,19133;5,86;tract bounds river; 0,431;5,605;70,2;7,9549;7;330,0 €;19,1;18,46;18500,0
0,06047;2,46;tract bounds river; 0,488;6,153;68,8;3,2797;3;193,0 €;17,8;13,15;29600,0
0,053020000000000005;3,41;tract bounds river; 0,489;7,079;63,1;3,4145;2;270,0 €;17,8;5,7;28700,0
0,31533;6,2;tract bounds river; 0,504;8,266;78,3;2,8944;8;307,0 €;17,4;4,14;44800,0
6,288069999999999;18,1;tract bounds river; 0,74;6,341;96,4;2,072;24;666,0 €;20,2;17,79;14900,0
0,27957;9,69;tract bounds river; 0,585;5,926;42,6;2,3817;6;391,0 €;19,2;13,59;24500,0
0,25915;21,89;tract bounds river; 0,624;5,693;96,0;1,7883;4;437,0 €;21,2;17,19;16200,0
73,5341;18,1;tract bounds river; 0,679;5,957;100,0;1,8026;24;666,0 €;20,2;20,62;8800,0
0,053720000000000004;13,92;tract bounds river; 0,437;6,549;51,0;5,9604;4;289,0 €;16,0;7,39;27100,0
0,0315;1,47;tract bounds river; 0,403;6,975;15,3;7,6534;3;402,0 €;17,0;4,56;34900,0
0,17142000000000002;6,91;tract bounds river; 0,448;5,682;33,8;5,1004;3;233,0 €;17,9;10,21;19300,0
9,59571;18,1;tract bounds river; 0,693;6,404;100,0;1,639;24;666,0 €;20,2;20,31;12100,0
0,10612;4,93;tract bounds river; 0,428;6,095;65,1;6,3361;6;300,0 €;16,6;12,4;20100,0
0,10574000000000001;27,74;tract bounds river; 0,609;5,983;98,8;1,8681;4;711,0 €;20,1;18,07;13600,0
0,06417;5,96;tract bounds river; 0,499;5,933;68,2;3,3603;5;279,0 €;19,2;9,68;18900,0
5,8240099999999995;18,1;tract bounds river; 0,532;6,242;64,7;3,4242;24;666,0 €;20,2;10,74;23000,0
0,22211999999999998;10,01;tract bounds river; 0,547;6,092;95,4;2,548;6;432,0 €;17,8;17,09;18700,0
0,01951;1,38;tract bounds river; 0,4161;7,104;59,5;9,2229;3;216,0 €;18,6;8,05;33000,0
12,2472;18,1;tract bounds river; 0,584;5,837;59,7;1,9976;24;666,0 €;20,2;15,69;10200,0
0,13117;8,56;tract bounds river; 0,52;6,127;85,2;2,1224;5;384,0 €;20,9;14,09;20400,0
0,0459;5,32;tract bounds river; 0,405;6,315;45,6;7,3172;6;293,0 €;16,6;7,6;22300,0
0,04741;11,93;tract bounds river; 0,573;6,03;80,8;2,505;1;273,0 €;21,0;7,88;11900,0
0,03768;1,52;tract bounds river; 0,404;7,274;38,3;7,309;2;329,0 €;12,6;6,62;34600,0
0,1265;5,13;tract bounds river; 0,453;6,762;43,4;7,9809;8;284,0 €;19,7;9,5;25000,0
0,9884299999999999;8,14;tract bounds river; 0,538;5,813;100,0;4,0952;4;307,0 €;21,0;19,88;14500,0
41,5292;18,1;tract bounds river; 0,693;5,531;85,4;1,6074;24;666,0 €;20,2;27,38;8500,0
0,22969;10,59;tract bounds river; 0,489;6,326;52,5;4,3549;4;277,0 €;18,6;10,97;24400,0
0,07875;3,44;tract bounds river; 0,437;6,782;41,1;3,7886;5;398,0 €;15,2;6,68;32000,0
3,83684;18,1;tract bounds river; 0,77;6,251;91,1;2,2955;24;666,0 €;20,2;14,19;19900,0
11,9511;18,1;tract bounds river; 0,659;5,608;100,0;1,2852;24;666,0 €;20,2;12,13;27900,0
0,16902;25,65;tract bounds river; 0,581;5,986;88,4;1,9929;2;188,0 €;19,1;14,81;21400,0
0,05561;2,24;tract bounds river; 0,4;7,041;10,0;7,8278;5;358,0 €;14,8;4,74;29000,0
1,6128200000000001;8,14;tract bounds river; 0,538;6,096;96,9;3,7598;4;307,0 €;21,0;20,34;13500,0
0,04297;5,32;tract bounds river; 0,405;6,565;22,9;7,3172;6;293,0 €;16,6;9,51;24800,0
13,6781;18,1;tract bounds river; 0,74;5,935;87,9;1,8206;24;666,0 €;20,2;34,02;8400,0
3,8497;18,1;otherwise; 0,77;6,395;91,0;2,5052;24;666,0 €;20,2;13,27;21700,0
0,10959;11,93;tract bounds river; 0,573;6,794;89,3;2,3889;1;273,0 €;21,0;6,48;22000,0
0,8520399999999999;8,14;tract bounds river; 0,538;5,965;89,2;4,0123;4;307,0 €;21,0;13,83;19600,0
0,03705;3,33;tract bounds river; 0,4429;6,968;37,2;5,2447;5;216,0 €;14,9;4,59;35400,0
51,1358;18,1;tract bounds river; 0,597;5,757;100,0;1,413;24;666,0 €;20,2;10,11;15000,0
0,52693;6,2;tract bounds river; 0,504;8,725;83,0;2,8944;8;307,0 €;17,4;4,63;50000,0
0,57529;6,2;tract bounds river; 0,507;8,337;73,3;3,8384;8;307,0 €;17,4;2,47;41700,0
5,20177;18,1;otherwise; 0,77;6,127;83,4;2,7227;24;666,0 €;20,2;11,48;22700,0
4,541919999999999;18,1;tract bounds river; 0,77;6,398;88,0;2,5182;24;666,0 €;20,2;7,79;25000,0
0,2498;21,89;tract bounds river; 0,624;5,857;98,2;1,6686;4;437,0 €;21,2;21,32;13300,0
0,06888;2,46;tract bounds river; 0,488;6,144;62,2;2,5979;3;193,0 €;17,8;9,45;36200,0
0,36894;5,86;tract bounds river; 0,431;8,259;8,4;8,9067;7;330,0 €;19,1;3,54;42800,0
1,25179;8,14;tract bounds river; 0,538;5,57;98,1;3,7979;4;307,0 €;21,0;21,02;-6000,0
5,44114;18,1;tract bounds river; 0,713;6,655;98,2;2,3552;24;666,0 €;20,2;17,73;15200,0
;8,56;tract bounds river; 0,52;6,405;85,4;2,7147;5;384,0 €;20,9;10,63;18600,0
0,67191;8,14;tract bounds river; 0,538;5,813;90,3;4,682;4;307,0 €;21,0;14,81;16600,0
4,898219999999999;18,1;tract bounds river; 0,631;4,97;100,0;1,3325;24;666,0 €;20,2;3,26;50000,0
0,01311;1,22;tract bounds river; 0,403;7,249;21,9;8,6966;5;226,0 €;17,9;4,81;35400,0
0,6379600000000001;8,14;tract bounds river; 0,538;6,096;84,5;4,4619;4;307,0 €;21,0;10,26;-2000,0
0,06905;2,18;tract bounds river; 0,458;7,147;54,2;6,0622;3;222,0 €;18,7;5,33;-19000,0
2,7797400000000003;19,58;tract bounds river; 0,871;4,903;97,8;1,3459;5;403,0 €;14,7;29,29;11800,0
8,26725;18,1;otherwise; 0,668;5,875;89,6;1,1296;24;666,0 €;20,2;8,88;50000,0
0,04527;11,93;tract bounds river; 0,573;6,12;76,7;2,2875;1;273,0 €;21,0;9,08;20600,0
28,6558;18,1;tract bounds river; 0,597;5,155;100,0;1,5894;24;666,0 €;20,2;20,08;16300,0
0,62739;8,14;tract bounds river; 0,538;5,834;56,5;4,4986;4;307,0 €;21,0;8,47;19900,0
0,22188000000000002;6,96;otherwise; 0,464;7,691;51,8;4,3665;3;223,0 €;18,6;6,58;35200,0
0,035480000000000005;3,64;tract bounds river; 0,392;5,876;19,1;9,2203;1;315,0 €;16,4;9,25;20900,0
0,14476;10,01;tract bounds river; 0,547;5,731;65,2;2,7592;6;432,0 €;17,8;13,61;19300,0
0,09604;6,41;tract bounds river; 0,447;6,854;42,8;4,2673;4;254,0 €;17,6;2,98;32000,0
6,39312;18,1;tract bounds river; 0,584;6,162;97,4;2,206;24;666,0 €;20,2;24,1;13300,0
18,4982;18,1;tract bounds river; 0,668;4,138;100,0;1,137;24;666,0 €;20,2;37,97;13800,0
0,14455;7,87;tract bounds river; 0,524;6,172;96,1;5,9505;5;311,0 €;15,2;19,15;27100,0
0,01432;1,32;tract bounds river; 0,411;6,816;40,5;8,3248;5;256,0 €;15,1;3,95;31600,0
8,15174;18,1;tract bounds river; 0,7;5,39;98,9;1,7281;24;666,0 €;20,2;20,85;11500,0
1,51902;19,58;otherwise; 0,605;8,375;93,9;2,162;5;403,0 €;14,7;3,32;50000,0
0,34006;21,89;tract bounds river; 0,624;6,458;98,9;2,1185;4;437,0 €;21,2;12,6;19200,0
0,5341199999999999;3,97;tract bounds river; 0,647;7,52;89,4;2,1398;5;264,0 €;13,0;7,26;43100,0
;18,1;tract bounds river; 0,693;6,343;100,0;1,5741;24;666,0 €;20,2;20,32;7200,0
1,15172;8,14;tract bounds river; 0,538;5,701;95,0;3,7872;4;307,0 €;21,0;18,35;13100,0
0,30346999999999996;7,38;tract bounds river; 0,493;6,312;28,9;5,4159;5;287,0 €;19,6;6,15;23000,0
0,65665;3,97;tract bounds river; 0,647;6,842;100,0;2,0107;5;264,0 €;13,0;6,9;30100,0
0,12744;6,91;tract bounds river; 0,448;6,77;2,9;5,7209;3;233,0 €;17,9;4,84;26600,0
0,18159;7,38;tract bounds river; 0,493;6,376;54,3;4,5404;5;287,0 €;19,6;6,87;23100,0
0,12816;6,07;tract bounds river; 0,409;5,885;33,0;6,498;4;345,0 €;18,9;8,79;20900,0
1,4250200000000002;19,58;tract bounds river; 0,871;6,51;100,0;1,7659;5;403,0 €;14,7;7,39;23300,0
1,05393;8,14;tract bounds river; 0,538;5,935;29,3;4,4986;4;307,0 €;21,0;6,58;23100,0
0,17004;7,87;tract bounds river; 0,524;6,004;85,9;6,5921;5;311,0 €;15,2;17,1;-8000,0
0,02731;7,07;tract bounds river; 0,469;6,421;78,9;4,9671;2;242,0 €;17,8;9,14;21600,0
0,050589999999999996;4,49;tract bounds river; 0,449;6,389;48,0;4,7794;3;247,0 €;18,5;9,62;23900,0
0,59005;21,89;tract bounds river; 0,624;6,372;97,9;2,3274;4;437,0 €;21,2;11,12;23000,0
0,05602000000000001;2,46;tract bounds river; 0,488;7,831;53,6;3,1992;3;193,0 €;17,8;4,45;50000,0
0,11027;5,13;tract bounds river; 0,453;6,456;67,8;7,2255;8;284,0 €;19,7;6,73;22200,0
0,13262000000000002;8,56;tract bounds river; 0,52;5,851;96,7;2,1069;5;384,0 €;20,9;16,47;19500,0
0,08308;2,46;tract bounds river; 0,488;5,604;89,8;2,9879;3;193,0 €;17,8;13,98;26400,0
0,06617;3,24;tract bounds river; 0,46;5,868;25,8;5,2146;4;430,0 €;16,9;9,97;19300,0
0,01709;2,02;tract bounds river; 0,41;6,728;36,1;12,1265;5;187,0 €;17,0;4,5;30100,0
0,29819;6,2;tract bounds river; 0,504;7,686;17,0;3,3751;8;307,0 €;17,4;3,92;46700,0
1,27346;19,58;otherwise; 0,605;6,25;92,6;1,7984;5;403,0 €;14,7;5,5;27000,0
1,49632;19,58;tract bounds river; 0,871;5,404;100,0;1,5916;5;403,0 €;14,7;13,28;19600,0
0,043789999999999996;3,37;tract bounds river; 0,398;5,787;31,1;6,6115;4;337,0 €;16,1;10,24;19400,0
2,924;19,58;tract bounds river; 0,605;6,101;93,0;2,2834;5;403,0 €;14,7;9,81;25000,0
0,5401100000000001;3,97;tract bounds river; 0,647;7,203;81,8;2,1121;5;264,0 €;13,0;9,59;33800,0
0,04113;4,86;tract bounds river; 0,426;6,727;33,5;5,4007;4;281,0 €;19,0;5,29;28000,0
6,71772;18,1;tract bounds river; 0,713;6,749;92,6;2,3236;24;666,0 €;20,2;17,44;13400,0
0,14231;10,01;tract bounds river; 0,547;6,254;84,2;2,2565;6;432,0 €;17,8;10,45;18500,0
0,08244;4,93;tract bounds river; 0,428;6,481;18,5;6,1899;6;300,0 €;16,6;6,36;23700,0
1,6286399999999999;21,89;tract bounds river; 0,624;5,019;100,0;1,4394;4;437,0 €;21,2;34,41;14400,0
0,9557700000000001;8,14;tract bounds river; 0,538;6,047;88,8;4,4534;4;307,0 €;21,0;17,28;14800,0
0,04819;3,64;tract bounds river; 0,392;6,108;32,0;9,2203;1;315,0 €;16,4;6,57;21900,0
15,288;18,1;tract bounds river; 0,671;6,649;93,3;1,3449;24;666,0 €;20,2;23,24;13900,0
0,20745999999999998;27,74;tract bounds river; 0,609;5,093;98,0;1,8226;4;711,0 €;20,1;29,68;8100,0
0,05644;6,41;otherwise; 0,447;6,758;32,9;4,0776;4;254,0 €;17,6;3,53;32400,0
0,7904100000000001;9,9;tract bounds river; 0,544;6,122;52,8;2,6403;4;304,0 €;18,4;5,98;22100,0
;2,18;tract bounds river; 0,458;6,998;45,8;6,0622;3;222,0 €;18,7;2,94;-1000,0
0,03871;5,32;tract bounds river; 0,405;6,209;31,3;7,3172;6;293,0 €;16,6;7,14;23200,0
38,3518;18,1;tract bounds river; 0,693;5,453;100,0;1,4896;24;666,0 €;20,2;30,59;5000,0
7,022589999999999;18,1;tract bounds river; 0,718;6,006;95,3;1,8746;24;666,0 €;20,2;15,7;14200,0
8,71675;18,1;tract bounds river; 0,693;6,471;98,8;1,7257;24;666,0 €;20,2;17,12;13100,0
0,17446;10,59;otherwise; 0,489;5,96;92,1;3,8771;4;277,0 €;18,6;17,27;21700,0
10,6718;18,1;tract bounds river; 0,74;6,459;94,8;1,9879;24;666,0 €;20,2;23,98;11800,0
15,8744;18,1;tract bounds river; 0,671;6,545;99,1;1,5192;24;666,0 €;20,2;21,08;10900,0
11,0874;18,1;tract bounds river; 0,718;6,411;100,0;1,8589;24;666,0 €;20,2;15,02;16700,0
6,65492;18,1;tract bounds river; 0,713;6,317;83,0;2,7344;24;666,0 €;20,2;13,99;19500,0
0,06129;3,33;otherwise; 0,4429;7,645;49,7;5,2119;5;216,0 €;14,9;3,01;46000,0
8,792119999999999;18,1;tract bounds river; 0,584;5,565;70,6;2,0635;24;666,0 €;20,2;17,16;11700,0
0,0566;3,41;tract bounds river; 0,489;7,007;86,3;3,4217;2;270,0 €;17,8;5,5;23600,0
0,02543;3,78;tract bounds river; 0,484;6,696;56,4;5,7321;5;370,0 €;17,6;7,18;23900,0
0,013009999999999999;1,52;tract bounds river; 0,442;7,241;49,3;7,0379;1;284,0 €;15,5;5,49;32700,000000000004
13,3598;18,1;tract bounds river; 0,693;5,887;94,7;1,7821;24;666,0 €;20,2;16,35;12700,0
1,8002799999999999;19,58;tract bounds river; 0,605;5,877;79,2;2,4259;5;403,0 €;14,7;12,14;23800,0
7,9924800000000005;18,1;tract bounds river; 0,7;5,52;100,0;1,5331;24;666,0 €;20,2;24,56;12300,0
0,15037999999999999;25,65;tract bounds river; 0,581;5,856;97,0;1,9444;2;188,0 €;19,1;25,41;17300,0
0,08014;5,96;tract bounds river; 0,499;5,85;41,5;3,9342;5;279,0 €;19,2;8,77;21000,0
0,08829;7,87;tract bounds river; 0,524;6,012;66,6;5,5605;5;311,0 €;15,2;12,43;-18000,0
5,82115;18,1;tract bounds river; 0,713;6,513;89,9;2,8016;24;666,0 €;20,2;10,29;20200,0
0,17505;5,96;tract bounds river; 0,499;5,966;30,2;3,8473;5;279,0 €;19,2;10,13;24700,0
0,25199;10,59;tract bounds river; 0,489;5,783;72,7;4,3549;4;277,0 €;18,6;18,06;22500,0
0,25387;6,91;tract bounds river; 0,448;5,399;95,3;5,87;3;233,0 €;17,9;30,81;14400,0
5,7081800000000005;18,1;tract bounds river; 0,532;6,75;74,9;3,3317;24;666,0 €;20,2;7,74;23700,0
9,91655;18,1;tract bounds river; 0,693;5,852;77,8;1,5004;24;666,0 €;20,2;29,97;6300,0
14,0507;18,1;tract bounds river; 0,597;6,657;100,0;1,5275;24;666,0 €;20,2;21,22;17200,0
22,0511;18,1;tract bounds river; 0,74;5,818;92,4;1,8662;24;666,0 €;20,2;22,11;10500,0
25,9406;18,1;tract bounds river; 0,679;5,304;89,1;1,6475;24;666,0 €;20,2;26,64;10400,0
0,13554000000000002;6,07;tract bounds river; 0,409;5,594;36,8;6,498;4;345,0 €;18,9;13,09;17400,0
4,75237;18,1;tract bounds river; 0,713;6,525;86,5;2,4358;24;666,0 €;20,2;18,13;14100,0
8,24809;18,1;tract bounds river; 0,713;7,393;99,3;2,4527;24;666,0 €;20,2;16,74;17800,0
0,11432;8,56;tract bounds river; 0,52;6,781;71,3;2,8561;5;384,0 €;20,9;7,67;26500,0
0,02985;2,18;tract bounds river; 0,458;6,43;58,7;6,0622;3;222,0 €;18,7;5,21;28700,0
0,35114;7,38;tract bounds river; 0,493;6,041;49,9;4,7211;5;287,0 €;19,6;7,7;20400,0
0,537;6,2;tract bounds river; 0,504;5,981;68,1;3,6715;8;307,0 €;17,4;11,65;24300,0
0,015009999999999999;1,21;otherwise; 0,401;7,923;24,8;5,885;1;198,0 €;13,6;3,16;50000,0
0,9761700000000001;21,89;tract bounds river; 0,624;5,757;98,4;2,346;4;437,0 €;21,2;17,31;15600,0
0,17331;9,69;tract bounds river; 0,585;5,707;54,0;2,3817;6;391,0 €;19,2;12,01;21800,0
;2,18;tract bounds river; 0,458;6,998;45,8;6,0622;3;222,0 €;18,7;2,94;33400,0
0,030410000000000003;5,19;tract bounds river; 0,515;5,895;59,6;5,615;5;224,0 €;20,2;10,56;18500,0
0,07022;4,05;tract bounds river; 0,51;6,02;47,2;3,5549;5;296,0 €;16,6;10,11;23200,0
0,2896;9,69;tract bounds river; 0,585;5,39;72,9;2,7986;6;391,0 €;19,2;21,14;19700,0
0,10469;6,41;otherwise; 0,447;7,267;49,0;4,7872;4;254,0 €;17,6;6,05;33200,0
0,1;6,09;tract bounds river; 0,433;6,982;17,7;5,4917;7;329,0 €;16,1;4,86;33100,0
15,5757;18,1;tract bounds river; 0,58;5,926;71,0;2,9084;24;666,0 €;20,2;18,13;19100,0
0,10084;10,01;tract bounds river; 0,547;6,715;81,6;2,6775;6;432,0 €;17,8;10,16;22800,0
3,56868;18,1;tract bounds river; 0,58;6,437;75,0;2,8965;24;666,0 €;20,2;14,36;23200,0
0,22926999999999997;6,91;tract bounds river; 0,448;6,03;85,5;5,6894;3;233,0 €;17,9;18,8;16600,0
0,03932;3,41;tract bounds river; 0,489;6,405;73,9;3,0921;2;270,0 €;17,8;8,2;22000,0
10,8342;18,1;tract bounds river; 0,679;6,782;90,8;1,8195;24;666,0 €;20,2;25,79;7500,0
0,17134000000000002;10,01;tract bounds river; 0,547;5,928;88,2;2,4631;6;432,0 €;17,8;15,76;18300,0
0,23911999999999997;9,69;tract bounds river; 0,585;6,019;65,3;2,4091;6;391,0 €;19,2;12,92;21200,0
0,11504;2,89;tract bounds river; 0,445;6,163;69,6;3,4952;2;276,0 €;18,0;11,34;21400,0
0,88125;21,89;tract bounds river; 0,624;5,637;94,7;1,9799;4;437,0 €;21,2;18,34;14300,0
0,10328;5,13;tract bounds river; 0,453;5,927;47,2;6,932;8;284,0 €;19,7;9,22;19600,0
1,38799;8,14;tract bounds river; 0,538;5,95;82,0;3,99;4;307,0 €;21,0;27,71;13200,0
0,31827;9,9;tract bounds river; 0,544;5,914;83,2;3,9986;4;304,0 €;18,4;18,33;17800,0
3,7749800000000002;18,1;tract bounds river; 0,655;5,952;84,7;2,8715;24;666,0 €;20,2;17,15;19000,0
3,1636;18,1;tract bounds river; 0,655;5,759;48,2;3,0665;24;666,0 €;20,2;14,13;19900,0
20,0849;18,1;tract bounds river; 0,7;4,368;91,2;1,4395;24;666,0 €;20,2;30,63;8800,0
4,26131;18,1;tract bounds river; 0,77;6,112;81,3;2,5091;24;666,0 €;20,2;12,67;22600,0
0,55778;21,89;tract bounds river; 0,624;6,335;98,2;2,1107;4;437,0 €;21,2;16,96;18100,0
0,77299;8,14;tract bounds river; 0,538;6,495;94,4;4,4547;4;307,0 €;21,0;12,8;18400,0
0,03615;4,95;tract bounds river; 0,411;6,63;23,4;5,1167;4;245,0 €;19,2;4,7;27900,0
0,44791000000000003;6,2;otherwise; 0,507;6,726;66,5;3,6519;8;307,0 €;17,4;8,05;29000,0
18,0846;18,1;tract bounds river; 0,679;6,434;100,0;1,8347;24;666,0 €;20,2;29,05;7200,0
0,16211;6,96;tract bounds river; 0,464;6,24;16,3;4,429;3;223,0 €;18,6;6,59;25200,0
0,1403;5,86;tract bounds river; 0,431;6,487;13,0;7,3967;7;330,0 €;19,1;5,9;24400,0
0,027630000000000002;2,95;tract bounds river; 0,428;6,595;21,8;5,4011;3;252,0 €;18,3;4,32;30800,0
0,09744;5,96;tract bounds river; 0,499;5,841;61,4;3,3779;5;279,0 €;19,2;11,41;20000,0
0,03584;3,37;tract bounds river; 0,398;6,29;17,8;6,6115;4;337,0 €;16,1;4,67;23500,0
0,80271;8,14;tract bounds river; 0,538;5,456;36,6;3,7965;4;307,0 €;21,0;11,69;-15000,0
0,3494;9,9;tract bounds river; 0,544;5,972;76,7;3,1025;4;304,0 €;18,4;9,97;20300,0
4,22239;18,1;otherwise; 0,77;5,803;89,0;1,9047;24;666,0 €;20,2;14,64;16800,0
0,062110000000000005;1,25;tract bounds river; 0,429;6,49;44,4;8,7921;1;335,0 €;19,7;5,98;22900,0
0,01439;2,93;tract bounds river; 0,401;6,604;18,8;6,2196;1;265,0 €;15,6;4,38;29100,0
7,40389;18,1;tract bounds river; 0,597;5,617;97,9;1,4547;24;666,0 €;20,2;26,4;17200,0
0,0351;2,68;tract bounds river; 0,4161;7,853;33,2;5,118;4;224,0 €;14,7;3,81;48500,0
0,46296000000000004;6,2;tract bounds river; 0,504;7,412;76,9;3,6715;8;307,0 €;17,4;5,25;31700,0
23,6482;18,1;tract bounds river; 0,671;6,38;96,2;1,3861;24;666,0 €;20,2;23,69;13100,0
0,05735;4,49;tract bounds river; 0,449;6,63;56,1;4,4377;3;247,0 €;18,5;6,53;26600,0
7,83932;18,1;tract bounds river; 0,655;6,209;65,4;2,9634;24;666,0 €;20,2;13,22;21400,0
0,13587;10,59;otherwise; 0,489;6,064;59,1;4,2392;4;277,0 €;18,6;14,66;24400,0
1,6566;19,58;tract bounds river; 0,871;6,122;97,3;1,618;5;403,0 €;14,7;14,1;21500,0
0,06151;5,19;tract bounds river; 0,515;5,968;58,5;4,8122;5;224,0 €;20,2;9,29;18700,0
0,08664;3,44;tract bounds river; 0,437;7,178;26,3;6,4798;5;398,0 €;15,2;2,87;36400,0
5,5810699999999995;18,1;tract bounds river; 0,713;6,436;87,9;2,3158;24;666,0 €;20,2;16,22;14300,0
2,2423599999999997;19,58;tract bounds river; 0,605;5,854;91,8;2,422;5;403,0 €;14,7;11,64;22700,0
0,32543;21,89;tract bounds river; 0,624;6,431;98,8;1,8125;4;437,0 €;21,2;15,39;18000,0
0,28392;7,38;tract bounds river; 0,493;5,708;74,3;4,7211;5;287,0 €;19,6;11,74;18500,0
0,11425;13,89;otherwise; 0,55;6,373;92,4;3,3633;5;276,0 €;16,4;10,5;23000,0
13,5222;18,1;tract bounds river; 0,631;3,863;100,0;1,5106;24;666,0 €;20,2;13,33;23100,0
11,1081;18,1;tract bounds river; 0,668;4,906;100,0;1,1742;24;666,0 €;20,2;34,77;13800,0
6,53876;18,1;otherwise; 0,631;7,016;97,5;1,2024;24;666,0 €;20,2;2,96;50000,0
8,20058;18,1;tract bounds river; 0,713;5,936;80,3;2,7792;24;666,0 €;20,2;16,94;13500,0
2,81838;18,1;tract bounds river; 0,532;5,762;40,3;4,0983;24;666,0 €;20,2;10,42;21800,0
0,03578;3,33;tract bounds river; 0,4429;7,82;64,5;4,6947;5;216,0 €;14,9;3,76;45400,0
0,19072999999999998;5,86;tract bounds river; 0,431;6,718;17,5;7,8265;7;330,0 €;19,1;6,56;26200,0
2,37857;18,1;tract bounds river; 0,583;5,871;41,9;3,724;24;666,0 €;20,2;13,34;20600,0
0,10793;8,56;tract bounds river; 0,52;6,195;54,4;2,7778;5;384,0 €;20,9;13,0;21700,0
0,04203;15,04;tract bounds river; 0,464;6,442;53,6;3,6659;4;270,0 €;18,2;8,16;22900,0
0,13058;10,01;tract bounds river; 0,547;5,872;73,1;2,4775;6;432,0 €;17,8;15,37;20400,0
0,28955;10,59;tract bounds river; 0,489;5,412;9,8;3,5875;4;277,0 €;18,6;29,55;23700,0
0,49298000000000003;9,9;tract bounds river; 0,544;6,635;82,5;3,3175;4;304,0 €;18,4;4,54;22800,0
0,41238;6,2;tract bounds river; 0,504;7,163;79,9;3,2157;8;307,0 €;17,4;6,36;31600,0
0,33983;5,86;tract bounds river; 0,431;6,108;34,9;8,0555;7;330,0 €;19,1;9,16;24300,0
0,07165;25,65;tract bounds river; 0,581;6,004;84,1;2,1974;2;188,0 €;19,1;14,27;20300,0
0,15936;6,91;tract bounds river; 0,448;6,211;6,5;5,7209;3;233,0 €;17,9;7,44;24700,0
9,2323;18,1;tract bounds river; 0,631;6,216;100,0;1,1691;24;666,0 €;20,2;9,53;50000,0
0,38735;25,65;tract bounds river; 0,581;5,613;95,6;1,7572;2;188,0 €;19,1;27,26;15700,0
0,24103000000000002;7,38;tract bounds river; 0,493;6,083;43,7;5,4159;5;287,0 €;19,6;12,79;22200,0
0,06262999999999999;11,93;tract bounds river; 0,573;6,593;69,1;2,4786;1;273,0 €;21,0;9,67;22400,0
1,41385;19,58;otherwise; 0,871;6,129;96,0;1,7494;5;403,0 €;14,7;15,12;17000,0
0,08221;5,86;tract bounds river; 0,431;6,957;6,8;8,9067;7;330,0 €;19,1;3,53;29600,0
0,82526;3,97;tract bounds river; 0,647;7,327;94,5;2,0788;5;264,0 €;13,0;11,25;31000,0
0,29916;6,96;tract bounds river; 0,464;5,856;42,1;4,429;3;223,0 €;18,6;13,0;21100,0
0,12932000000000002;13,92;tract bounds river; 0,437;6,678;31,1;5,9604;4;289,0 €;16,0;6,27;28600,0
0,14866;8,56;tract bounds river; 0,52;6,727;79,9;2,7778;5;384,0 €;20,9;9,42;27500,0
0,21719000000000002;10,59;otherwise; 0,489;5,807;53,8;3,6526;4;277,0 €;18,6;16,03;22400,0
0,40771;6,2;otherwise; 0,507;6,164;91,3;3,048;8;307,0 €;17,4;21,46;21700,0
0,00632;2,31;tract bounds river; 0,538;6,575;65,2;4,09;1;296,0 €;15,3;4,98;-2000,0
0,21124;7,87;tract bounds river; 0,524;5,631;100,0;6,0821;5;311,0 €;15,2;29,93;16500,0
0,1676;7,38;tract bounds river; 0,493;6,426;52,3;4,5404;5;287,0 €;19,6;7,2;23800,0
7,67202;18,1;tract bounds river; 0,693;5,747;98,9;1,6334;24;666,0 €;20,2;19,92;8500,0
0,14052;10,59;tract bounds river; 0,489;6,375;32,3;3,9454;4;277,0 €;18,6;9,38;28100,0
0,1415;6,91;tract bounds river; 0,448;6,169;6,6;5,7209;3;233,0 €;17,9;5,81;25300,0
0,75026;8,14;tract bounds river; 0,538;5,924;94,1;4,3996;4;307,0 €;21,0;16,3;15600,0
67,9208;18,1;tract bounds river; 0,693;5,683;100,0;1,4254;24;666,0 €;20,2;22,98;5000,0
1,25179;8,14;tract bounds river; 0,538;5,57;98,1;3,7979;4;307,0 €;21,0;21,02;13600,0
0,01965;1,76;tract bounds river; 0,385;6,23;31,5;9,0892;1;241,0 €;18,2;12,93;20100,0
0,12329000000000001;10,01;tract bounds river; 0,547;5,913;92,9;2,3534;6;432,0 €;17,8;16,21;18800,0
1,46336;19,58;tract bounds river; 0,605;7,489;90,8;1,9709;5;403,0 €;14,7;1,73;50000,0
2,15505;19,58;tract bounds river; 0,871;5,628;100,0;1,5166;5;403,0 €;14,7;16,65;15600,0
0,52058;6,2;otherwise; 0,507;6,631;76,5;4,148;8;307,0 €;17,4;9,54;25100,0
0,08829;7,87;tract bounds river; 0,524;6,012;66,6;5,5605;5;311,0 €;15,2;12,43;22900,0
0,07151;4,49;tract bounds river; 0,449;6,121;56,8;3,7476;3;247,0 €;18,5;8,44;22200,0
19,6091;18,1;tract bounds river; 0,671;7,313;97,9;1,3163;24;666,0 €;20,2;13,44;15000,0
10,233;18,1;tract bounds river; 0,614;6,185;96,7;2,1705;24;666,0 €;20,2;18,03;14600,0
0,19657;5,86;tract bounds river; 0,431;6,226;79,2;8,0555;7;330,0 €;19,1;10,15;20500,0
0,0187;4,15;tract bounds river; 0,429;6,516;27,7;8,5353;4;351,0 €;17,9;6,36;23100,0
0,38214000000000004;6,2;tract bounds river; 0,504;8,04;86,5;3,2157;8;307,0 €;17,4;3,13;37600,0
0,049319999999999996;2,18;tract bounds river; 0,472;6,849;70,3;3,1827;7;222,0 €;18,4;7,53;28200,0
0,7857;3,97;tract bounds river; 0,647;7,014;84,6;2,1329;5;264,0 €;13,0;14,79;30700,0
14,4383;18,1;tract bounds river; 0,597;6,852;100,0;1,4655;24;666,0 €;20,2;19,78;27500,0
2,4466799999999997;19,58;tract bounds river; 0,871;5,272;94,0;1,7364;5;403,0 €;14,7;16,14;13100,0
;5,19;tract bounds river; 0,515;6,316;38,1;6,4584;5;224,0 €;20,2;5,68;22200,0
0,06663999999999999;4,05;tract bounds river; 0,51;6,546;33,1;3,1323;5;296,0 €;16,6;5,33;29400,0
0,06911;3,44;tract bounds river; 0,437;6,739;30,8;6,4798;5;398,0 €;15,2;4,69;30500,0
0,05425;4,05;tract bounds river; 0,51;6,315;73,4;3,3175;5;296,0 €;16,6;6,29;24600,0
0,030489999999999996;3,78;tract bounds river; 0,484;6,874;28,1;6,4654;5;370,0 €;17,6;4,61;31200,0
9,33889;18,1;tract bounds river; 0,679;6,38;95,6;1,9682;24;666,0 €;20,2;24,08;9500,0
0,20608;5,86;tract bounds river; 0,431;5,593;76,5;7,9549;7;330,0 €;19,1;12,5;17600,0
0,19186;7,38;tract bounds river; 0,493;6,431;14,7;5,4159;5;287,0 €;19,6;5,08;24600,0
24,3938;18,1;tract bounds river; 0,7;4,652;100,0;1,4672;24;666,0 €;20,2;28,28;10500,0
1,19294;21,89;tract bounds river; 0,624;6,326;97,7;2,271;4;437,0 €;21,2;12,26;19600,0
0,11747;7,87;tract bounds river; 0,524;6,009;82,9;6,2267;5;311,0 €;15,2;13,27;-1000,0
1,2074200000000002;19,58;tract bounds river; 0,605;5,875;94,6;2,4259;5;403,0 €;14,7;14,43;17400,0
2,3139;19,58;tract bounds river; 0,605;5,88;97,3;2,3887;5;403,0 €;14,7;12,03;19100,0
;6,2;otherwise; 0,507;6,879;77,7;3,2721;8;307,0 €;17,4;9,93;27500,0
88,9762;18,1;tract bounds river; 0,671;6,968;91,9;1,4165;24;666,0 €;20,2;17,21;10400,0
0,09164;10,81;tract bounds river; 0,413;6,065;7,8;5,2873;4;305,0 €;19,2;5,52;22800,0
0,03445;2,03;tract bounds river; 0,415;6,162;38,4;6,27;2;348,0 €;14,7;7,43;24100,0
0,03306;5,19;tract bounds river; 0,515;6,059;37,3;4,8122;5;224,0 €;20,2;8,51;20600,0
0,009059999999999999;2,97;tract bounds river; 0,4;7,088;20,8;7,3073;1;285,0 €;15,3;7,85;32200,000000000004
13,9134;18,1;tract bounds river; 0,713;6,208;95,0;2,2222;24;666,0 €;20,2;15,17;11700,0
0,22438000000000002;9,69;tract bounds river; 0,585;6,027;79,7;2,4982;6;391,0 €;19,2;14,33;16800,0
8,05579;18,1;tract bounds river; 0,584;5,427;95,4;2,4298;24;666,0 €;20,2;18,14;13800,0
0,07244;1,69;tract bounds river; 0,411;5,884;18,5;10,7103;4;411,0 €;18,3;7,79;18600,0
5,73116;18,1;tract bounds river; 0,532;7,061;77,0;3,4106;24;666,0 €;20,2;7,01;25000,0
16,8118;18,1;tract bounds river; 0,7;5,277;98,1;1,4261;24;666,0 €;20,2;30,81;7200,0
11,8123;18,1;tract bounds river; 0,718;6,824;76,5;1,794;24;666,0 €;20,2;22,74;8400,0
0,1712;8,56;tract bounds river; 0,52;5,836;91,9;2,211;5;384,0 €;20,9;18,66;19500,0
0,09068;3,44;tract bounds river; 0,437;6,951;21,5;6,4798;5;398,0 €;15,2;5,1;37000,0
0,03659;4,86;tract bounds river; 0,426;6,302;32,2;5,4007;4;281,0 €;19,0;6,72;24800,0
0,09252;4,93;tract bounds river; 0,428;6,606;42,2;6,1899;6;300,0 €;16,6;7,37;23300,0
0,03113;4,39;tract bounds river; 0,442;6,014;48,5;8,0136;3;352,0 €;18,8;10,53;17500,0
0,04981;5,64;tract bounds river; 0,439;5,998;21,4;6,8147;4;243,0 €;16,8;8,43;23400,0
0,22489;7,87;tract bounds river; 0,524;6,377;94,3;6,3467;5;311,0 €;15,2;20,45;15000,0
0,7842;8,14;tract bounds river; 0,538;5,99;81,7;4,2579;4;307,0 €;21,0;14,67;-14000,0
0,11069000000000001;13,89;otherwise; 0,55;5,951;93,8;2,8893;5;276,0 €;16,4;17,92;21500,0
8,64476;18,1;tract bounds river; 0,693;6,193;92,6;1,7912;24;666,0 €;20,2;15,17;13800,0
0,0795;1,69;tract bounds river; 0,411;6,579;35,9;10,7103;4;411,0 €;18,3;5,49;24100,0
3,69695;18,1;tract bounds river; 0,718;4,963;91,4;1,7523;24;666,0 €;20,2;14,0;21900,0
15,8603;18,1;tract bounds river; 0,679;5,896;95,4;1,9096;24;666,0 €;20,2;24,39;8300,0
5,09017;18,1;tract bounds river; 0,713;6,297;91,8;2,3682;24;666,0 €;20,2;17,27;16100,000000000002
0,033589999999999995;2,95;tract bounds river; 0,428;7,024;15,8;5,4011;3;252,0 €;18,3;1,98;34900,0
3,69311;18,1;tract bounds river; 0,713;6,376;88,4;2,5671;24;666,0 €;20,2;14,65;17700,0
9,82349;18,1;tract bounds river; 0,671;6,794;98,8;1,358;24;666,0 €;20,2;21,24;13300,0
2,7339700000000002;19,58;tract bounds river; 0,871;5,597;94,9;1,5257;5;403,0 €;14,7;21,45;15400,0
0,12204000000000001;2,89;tract bounds river; 0,445;6,625;57,8;3,4952;2;276,0 €;18,0;6,65;28400,0
0,02985;2,18;tract bounds river; 0,458;6,43;58,7;6,0622;3;222,0 €;18,7;5,21;-16000,0
4,8356699999999995;18,1;tract bounds river; 0,583;5,905;53,2;3,1523;24;666,0 €;20,2;11,45;20600,0
5,669980000000001;18,1;otherwise; 0,631;6,683;96,8;1,3567;24;666,0 €;20,2;3,73;50000,0
13,0751;18,1;tract bounds river; 0,58;5,713;56,7;2,8237;24;666,0 €;20,2;14,76;20100,0
0,21038;3,33;tract bounds river; 0,4429;6,812;32,2;4,1007;5;216,0 €;14,9;4,85;35100,0
0,51183;6,2;tract bounds river; 0,507;7,358;71,6;4,148;8;307,0 €;17,4;4,73;31500,0
0,07896;12,83;tract bounds river; 0,437;6,273;6,0;4,2515;5;398,0 €;18,7;6,78;24100,0
0,1146;6,96;tract bounds river; 0,464;6,538;58,7;3,9175;3;223,0 €;18,6;7,73;24400,0
0,7258;8,14;tract bounds river; 0,538;5,727;69,5;3,7965;4;307,0 €;21,0;11,28;18200,0
0,02731;7,07;tract bounds river; 0,469;6,421;78,9;4,9671;2;242,0 €;17,8;9,14;-12000,0
5,66637;18,1;tract bounds river; 0,74;6,219;100,0;2,0048;24;666,0 €;20,2;16,59;18400,0
0,09299;25,65;tract bounds river; 0,581;5,961;92,9;2,0869;2;188,0 €;19,1;17,93;20500,0
2,36862;19,58;tract bounds river; 0,871;4,926;95,7;1,4608;5;403,0 €;14,7;29,53;14600,0
0,08387;12,83;tract bounds river; 0,437;5,874;36,6;4,5026;5;398,0 €;18,7;9,1;20300,0
0,17171;5,13;tract bounds river; 0,453;5,966;93,4;6,8185;8;284,0 €;19,7;14,44;16000,0
0,00632;2,31;tract bounds river; 0,538;6,575;65,2;4,09;1;296,0 €;15,3;4,98;24000,0
1,2324700000000002;8,14;tract bounds river; 0,538;6,142;91,7;3,9769;4;307,0 €;21,0;18,72;15200,0
0,06905;2,18;tract bounds river; 0,458;7,147;54,2;6,0622;3;222,0 €;18,7;5,33;36200,0
1,8337700000000001;19,58;otherwise; 0,605;7,802;98,2;2,0407;5;403,0 €;14,7;1,92;50000,0
0,21977;6,91;tract bounds river; 0,448;5,602;62,0;6,0877;3;233,0 €;17,9;16,2;19400,0
0,07977999999999999;6,41;tract bounds river; 0,447;6,482;32,1;4,1403;4;254,0 €;17,6;7,19;29100,0
0,21161;8,56;tract bounds river; 0,52;6,137;87,4;2,7147;5;384,0 €;20,9;13,44;19300,0
0,0536;5,64;tract bounds river; 0,439;6,511;21,1;6,8147;4;243,0 €;16,8;5,28;25000,0
0,08447;4,05;tract bounds river; 0,51;5,859;68,7;2,7019;5;296,0 €;16,6;9,64;22600,0
0,050230000000000004;6,06;tract bounds river; 0,4379;5,706;28,4;6,6407;1;304,0 €;16,9;12,43;17100,0
15,0234;18,1;tract bounds river; 0,614;5,304;97,3;2,1007;24;666,0 €;20,2;24,91;12000,0
11,1604;18,1;tract bounds river; 0,74;6,629;94,6;2,1247;24;666,0 €;20,2;23,27;13400,0
0,61154;3,97;tract bounds river; 0,647;8,704;86,9;1,801;5;264,0 €;13,0;5,12;50000,0
4,55587;18,1;tract bounds river; 0,718;3,561;87,9;1,6132;24;666,0 €;20,2;7,12;27500,0
7,52601;18,1;tract bounds river; 0,713;6,417;98,3;2,185;24;666,0 €;20,2;19,31;13000,0
6,96215;18,1;tract bounds river; 0,7;5,713;97,0;1,9265;24;666,0 €;20,2;17,11;15100,0
4,03841;18,1;tract bounds river; 0,532;6,229;90,7;3,0993;24;666,0 €;20,2;12,87;19600,0
4,0974;19,58;tract bounds river; 0,871;5,468;100,0;1,4118;5;403,0 €;14,7;26,42;15600,0
0,43571000000000004;10,59;otherwise; 0,489;5,344;100,0;3,875;4;277,0 €;18,6;23,09;20000,0
0,12802;8,56;tract bounds river; 0,52;6,474;97,1;2,4329;5;384,0 €;20,9;12,27;19800,0
22,5971;18,1;tract bounds river; 0,7;5,0;89,5;1,5184;24;666,0 €;20,2;31,99;7400,0
0,24522;9,9;tract bounds river; 0,544;5,782;71,7;4,0317;4;304,0 €;18,4;15,94;19800,0
0,25356;9,9;tract bounds river; 0,544;5,705;77,7;3,945;4;304,0 €;18,4;11,5;16200,0
0,07013;13,89;tract bounds river; 0,55;6,642;85,1;3,4211;5;276,0 €;16,4;9,69;28700,0
0,06162;4,39;tract bounds river; 0,442;5,898;52,3;8,0136;3;352,0 €;18,8;12,67;17200,0
14,3337;18,1;tract bounds river; 0,614;6,229;88,0;1,9512;24;666,0 €;20,2;13,11;21400,0
0,10008;2,46;tract bounds river; 0,488;6,563;95,6;2,847;3;193,0 €;17,8;5,68;32500,0
0,04294;15,04;tract bounds river; 0,464;6,249;77,3;3,615;4;270,0 €;18,2;10,59;20600,0
12,8023;18,1;tract bounds river; 0,74;5,854;96,6;1,8956;24;666,0 €;20,2;23,79;10800,0
1,12658;19,58;otherwise; 0,871;5,012;88,0;1,6102;5;403,0 €;14,7;12,12;15300,0
0,09512000000000001;12,83;tract bounds river; 0,437;6,286;45,0;4,5026;5;398,0 €;18,7;8,94;21400,0
1,00245;8,14;tract bounds river; 0,538;6,674;87,3;4,239;4;307,0 €;21,0;11,98;21000,0
0,15875999999999998;10,81;tract bounds river; 0,413;5,961;17,5;5,2873;4;305,0 €;19,2;9,88;21700,0
0,6379600000000001;8,14;tract bounds river; 0,538;6,096;84,5;4,4619;4;307,0 €;21,0;10,26;18200,0
0,40202;9,9;tract bounds river; 0,544;6,382;67,2;3,5325;4;304,0 €;18,4;10,36;23100,0
7,75223;18,1;tract bounds river; 0,713;6,301;83,7;2,7831;24;666,0 €;20,2;16,23;14900,0
0,15098;10,01;tract bounds river; 0,547;6,021;82,6;2,7474;6;432,0 €;17,8;10,3;19200,0
1,22358;19,58;tract bounds river; 0,605;6,943;97,4;1,8773;5;403,0 €;14,7;4,59;41300,0
7,36711;18,1;tract bounds river; 0,679;6,193;78,1;1,9356;24;666,0 €;20,2;21,52;11000,0
0,02729;7,07;tract bounds river; 0,469;7,185;61,1;4,9671;2;242,0 €;17,8;4,03;34700,0
7,05042;18,1;tract bounds river; 0,614;6,103;85,1;2,0218;24;666,0 €;20,2;23,29;13400,0
2,37934;19,58;tract bounds river; 0,871;6,13;100,0;1,4191;5;403,0 €;14,7;27,8;13800,0
0,03427;5,19;tract bounds river; 0,515;5,869;46,3;5,2311;5;224,0 €;20,2;9,8;19500,0
20,7162;18,1;tract bounds river; 0,659;4,138;100,0;1,1781;24;666,0 €;20,2;23,34;11900,0
1,34284;19,58;tract bounds river; 0,605;6,066;100,0;1,7573;5;403,0 €;14,7;6,43;24300,0
6,44405;18,1;tract bounds river; 0,584;6,425;74,8;2,2004;24;666,0 €;20,2;12,03;16100,000000000002
0,01381;0,46;tract bounds river; 0,422;7,875;32,0;5,6484;4;255,0 €;14,4;2,97;50000,0
0,35809;6,2;otherwise; 0,507;6,951;88,5;2,8617;8;307,0 €;17,4;9,71;26700,0
0,18337;27,74;tract bounds river; 0,609;5,414;98,3;1,7554;4;711,0 €;20,1;23,97;7000,0
1,05393;8,14;tract bounds river; 0,538;5,935;29,3;4,4986;4;307,0 €;21,0;6,58;-12000,0
0,5201399999999999;3,97;tract bounds river; 0,647;8,398;91,5;2,2885;5;264,0 €;13,0;5,91;48800,0
0,16439;5,86;tract bounds river; 0,431;6,433;49,1;7,8265;7;330,0 €;19,1;9,52;24500,0
1,3547200000000001;8,14;tract bounds river; 0,538;6,072;100,0;4,175;4;307,0 €;21,0;13,04;14500,0
0,57834;3,97;tract bounds river; 0,575;8,297;67,0;2,4216;5;264,0 €;13,0;7,44;50000,0
4,668830000000001;18,1;tract bounds river; 0,713;5,976;87,9;2,5806;24;666,0 €;20,2;19,01;12700,0
0,037380000000000004;5,19;tract bounds river; 0,515;6,31;38,5;6,4584;5;224,0 €;20,2;6,75;20700,0
0,15445;5,13;tract bounds river; 0,453;6,145;29,2;7,8148;8;284,0 €;19,7;6,86;23300,0
2,01019;19,58;tract bounds river; 0,605;7,929;96,2;2,0459;5;403,0 €;14,7;3,7;50000,0
0,37578;10,59;otherwise; 0,489;5,404;88,6;3,665;4;277,0 €;18,6;23,98;19300,0
0,06899;25,65;tract bounds river; 0,581;5,87;69,7;2,2577;2;188,0 €;19,1;14,37;22000,0
0,09065;6,96;otherwise; 0,464;5,92;61,5;3,9175;3;223,0 €;18,6;13,65;20700,0
3,5350099999999998;19,58;otherwise; 0,871;6,152;82,6;1,7455;5;403,0 €;14,7;15,02;15600,0
0,80271;8,14;tract bounds river; 0,538;5,456;36,6;3,7965;4;307,0 €;21,0;11,69;20200,0
0,17004;7,87;tract bounds river; 0,524;6,004;85,9;6,5921;5;311,0 €;15,2;17,1;18900,0
6,80117;18,1;tract bounds river; 0,713;6,081;84,4;2,7175;24;666,0 €;20,2;14,7;20000,0
0,015009999999999999;2,01;tract bounds river; 0,435;6,635;29,7;8,344;4;280,0 €;17,0;5,99;24500,0
0,55007;3,97;tract bounds river; 0,647;7,206;91,6;1,9301;5;264,0 €;13,0;8,1;36500,0
0,05789;6,07;tract bounds river; 0,409;5,878;21,4;6,498;4;345,0 €;18,9;8,1;22000,0
0,66351;3,97;tract bounds river; 0,647;7,333;100,0;1,8946;5;264,0 €;13,0;7,79;36000,0
9,329089999999999;18,1;tract bounds river; 0,713;6,185;98,7;2,2616;24;666,0 €;20,2;18,13;14100,0
0,08826;10,81;tract bounds river; 0,413;6,417;6,6;5,2873;4;305,0 €;19,2;6,72;24200,0
0,06642;4,05;tract bounds river; 0,51;6,86;74,4;2,9153;5;296,0 €;16,6;6,92;29900,0
0,14103;13,92;tract bounds river; 0,437;5,79;58,0;6,32;4;289,0 €;16,0;15,84;20300,0
0,26169000000000003;9,9;tract bounds river; 0,544;6,023;90,4;2,834;4;304,0 €;18,4;11,72;19400,0
17,8667;18,1;tract bounds river; 0,671;6,223;100,0;1,3861;24;666,0 €;20,2;21,78;10200,0
0,08199;13,92;tract bounds river; 0,437;6,009;42,3;5,5027;4;289,0 €;16,0;10,4;21700,0
0,18836;6,91;tract bounds river; 0,448;5,786;33,3;5,1004;3;233,0 €;17,9;14,15;20000,0
0,11132;27,74;tract bounds river; 0,609;5,983;83,5;2,1099;4;711,0 €;20,1;13,35;20100,0
0,11329000000000002;4,93;tract bounds river; 0,428;6,897;54,3;6,3361;6;300,0 €;16,6;11,38;22000,0
0,26363000000000003;8,56;tract bounds river; 0,52;6,229;91,2;2,5451;5;384,0 €;20,9;15,55;19400,0
0,02875;15,04;tract bounds river; 0,464;6,211;28,9;3,6659;4;270,0 €;18,2;6,21;25000,0
0,03537;6,09;tract bounds river; 0,433;6,59;40,4;5,4917;7;329,0 €;16,1;9,5;22000,0
4,87141;18,1;tract bounds river; 0,614;6,484;93,6;2,3053;24;666,0 €;20,2;18,68;16700,0
0,12082999999999999;2,89;tract bounds river; 0,445;8,069;76,0;3,4952;2;276,0 €;18,0;4,21;38700,0
0,03961;5,19;tract bounds river; 0,515;6,037;34,5;5,9853;5;224,0 €;20,2;8,01;21100,0
3,6736699999999995;18,1;tract bounds river; 0,583;6,312;51,9;3,9917;24;666,0 €;20,2;10,58;21200,0
9,18702;18,1;tract bounds river; 0,7;5,536;100,0;1,5804;24;666,0 €;20,2;23,6;11300,0
24,8017;18,1;tract bounds river; 0,693;5,349;96,0;1,7028;24;666,0 €;20,2;19,77;8300,0
8,49213;18,1;tract bounds river; 0,584;6,348;86,1;2,0527;24;666,0 €;20,2;17,64;14500,0
0,11747;7,87;tract bounds river; 0,524;6,009;82,9;6,2267;5;311,0 €;15,2;13,27;18900,0
0,0686;2,89;tract bounds river; 0,445;7,416;62,5;3,4952;2;276,0 €;18,0;6,19;33200,0
0,19539;10,81;tract bounds river; 0,413;6,245;6,2;5,2873;4;305,0 €;19,2;7,54;23400,0
0,26838;9,69;tract bounds river; 0,585;5,794;70,6;2,8927;6;391,0 €;19,2;14,1;18300,0
0,06724;3,24;tract bounds river; 0,46;6,333;17,2;5,2146;4;430,0 €;16,9;7,34;22600,0
0,07886;4,95;tract bounds river; 0,411;7,148;27,7;5,1167;4;245,0 €;19,2;3,56;37300,0
0,04417;2,24;tract bounds river; 0,4;6,871;47,4;7,8278;5;358,0 €;14,8;6,07;24800,0
0,2909;21,89;tract bounds river; 0,624;6,174;93,6;1,6119;4;437,0 €;21,2;24,16;14000,0
0,22489;7,87;tract bounds river; 0,524;6,377;94,3;6,3467;5;311,0 €;15,2;20,45;-16000,0
18,811;18,1;tract bounds river; 0,597;4,628;100,0;1,5539;24;666,0 €;20,2;34,37;17900,0
0,7258;8,14;tract bounds river; 0,538;5,727;69,5;3,7965;4;307,0 €;21,0;11,28;-1000,0
9,72418;18,1;tract bounds river; 0,74;6,406;97,2;2,0651;24;666,0 €;20,2;19,52;17100,0
12,0482;18,1;tract bounds river; 0,614;5,648;87,6;1,9512;24;666,0 €;20,2;14,1;20800,0
0,17899;9,69;tract bounds river; 0,585;5,67;28,8;2,7986;6;391,0 €;19,2;17,6;23100,0
1,13081;8,14;tract bounds river; 0,538;5,713;94,1;4,233;4;307,0 €;21,0;22,6;12700,0
0,33147;6,2;tract bounds river; 0,507;8,247;70,4;3,6519;8;307,0 €;17,4;3,95;48300,0
